signal_id,date_detection_utc,date_publication,territoire,zone,theme,titre,source,url,resume,requete,statut_qualification,est_nouveau
be11e3cfddf6b94c75ad,2026-09-14T10:54:15Z,2026-07-19,06,Alpes-Maritimes,CHR général,"""C'est une verrue dans le paysage"" : l'histoire sans fin d'un hôtel 5* laissé à l'abandon sur la Côte d'Azur - france3-regions.franceinfo.fr",france3-regions.franceinfo.fr,https://news.google.com/rss/articles/CBMipAJBVV95cUxNQXc5NHlGcU9lRThvMldIdDBWSjFKLWROM0dSSVJPYnV4aFlNNE9EdEJRWl9Ld3NmWmQwRVJJVnZ5WVZWX25YU195dFk1RzdNMExOQXFjVzZJaWY4Nl9uWW40eGY0YUhLM1lOOVNfdVpxM2NuTlFUeDBGZTcxWUhwWE9XbU8zbXUwNTA5dUNuem9YYnNTZTJfTGJiSnVUY1NpSHRyVVZzcGhKZW5ObGF3ZGFsOTdPM0c2VlBtZ1BlOWVvWm1LSDAxa2ZNcjdHWF82bE14aDVhQlJ3TUZKdndxSVdTNmlLM2dyUHl4R0RHZDRsRDE3d1MxQWpOVXNGWkNMcmpkZW9KalI3S1Z5aFVTRGZlLXdwNHhxcDdMS2VjVHFza2Nm?oc=5,"<a href=""https://news.google.com/rss/articles/CBMipAJBVV95cUxNQXc5NHlGcU9lRThvMldIdDBWSjFKLWROM0dSSVJPYnV4aFlNNE9EdEJRWl9Ld3NmWmQwRVJJVnZ5WVZWX25YU195dFk1RzdNMExOQXFjVzZJaWY4Nl9uWW40eGY0YUhLM1lOOVNfdVpxM2NuTlFUeDBGZTcxWUhwWE9XbU8zbXUwNTA5dUNuem9YYnNTZTJfTGJiSnVUY1NpSHRyVVZzcGhKZW5ObGF3ZGFsOTdPM0c2VlBtZ1BlOWVvWm1LSDAxa2ZNcjdHWF82bE14aDVhQlJ3TUZKdndxSVdTNmlLM2dyUHl4R0RHZDRsRDE3d1MxQWpOVXNGWkNMcmpkZW9KalI3S1Z5aFVTRGZlLXdwNHhxcDdMS2VjVHFza2Nm?oc=5"" target=""_blank"">""C'est une verrue dans le paysage"" : l'histoire sans fin d'un hôtel 5* laissé à l'abandon sur la Côte d'Azur</a>&nbsp;&nbsp;<font color=""#6f6f6f"">france3-regions.franceinfo.fr</font>","""ouverture"" restaurant OR hôtel OR bar Alpes-Maritimes",À qualifier,True
69a798033e86f00ac599,2026-09-14T10:54:15Z,2024-04-08,06,Alpes-Maritimes,CHR général,Mama Shelter s’installe à Nice - aucoeurduchr.fr,aucoeurduchr.fr,https://news.google.com/rss/articles/CBMiekFVX3lxTE02dHB4QlhOTXlUWmYxNjdfcGg2S2JTZFlJYmR3TnNzVVkwSmVydndWT2F0VHRIWW9sa2RMQzVPRlhSQ1o3Z2p4b241akttUEo5LXIybVV4UEJOWGprckk4M3BNTHZqel9tTE1FYmg3cW9LMk5EcV9MRzB3?oc=5,"<a href=""https://news.google.com/rss/articles/CBMiekFVX3lxTE02dHB4QlhOTXlUWmYxNjdfcGg2S2JTZFlJYmR3TnNzVVkwSmVydndWT2F0VHRIWW9sa2RMQzVPRlhSQ1o3Z2p4b241akttUEo5LXIybVV4UEJOWGprckk4M3BNTHZqel9tTE1FYmg3cW9LMk5EcV9MRzB3?oc=5"" target=""_blank"">Mama Shelter s’installe à Nice</a>&nbsp;&nbsp;<font color=""#6f6f6f"">aucoeurduchr.fr</font>","""ouverture"" restaurant OR hôtel OR bar Alpes-Maritimes",À qualifier,True
72044ab1f340974705b4,2026-09-14T10:54:15Z,2026-08-11,06,Nice,Nice,Un restaurant Fuzu ouvre près de Jean-Médecin à Nice - Tribuca,Tribuca,https://news.google.com/rss/articles/CBMifkFVX3lxTE4xcGl1bzFiaW5FTWthWWM5ZEdTOEMzN2g0SmNQUXJPNFhmOGFJMWxrZnZsX21FaVh0LWY1NlNMSDI5ZE9URWdRajBWemFwRGFKUEJ4LTFGWVNJTVpWT0ZOMGhVZHVuSExRM3JZMzVlUHk2THZFUXVCb1NybUpPUQ?oc=5,"<a href=""https://news.google.com/rss/articles/CBMifkFVX3lxTE4xcGl1bzFiaW5FTWthWWM5ZEdTOEMzN2g0SmNQUXJPNFhmOGFJMWxrZnZsX21FaVh0LWY1NlNMSDI5ZE9URWdRajBWemFwRGFKUEJ4LTFGWVNJTVpWT0ZOMGhVZHVuSExRM3JZMzVlUHk2THZFUXVCb1NybUpPUQ?oc=5"" target=""_blank"">Un restaurant Fuzu ouvre près de Jean-Médecin à Nice</a>&nbsp;&nbsp;<font color=""#6f6f6f"">Tribuca</font>","""ouverture"" restaurant OR bar OR rooftop Nice",À qualifier,True
140ad84ec8a34f1fec00,2026-09-14T10:54:15Z,2026-08-25,06,Nice,Nice,« C’est dommage car c’est un lieu magique » : ce bar associatif caché dans une église du Vieux-Nice ne rouvrira pas - Nice-Matin,Nice-Matin,https://news.google.com/rss/articles/CBMi_AFBVV95cUxNTUdVNWVwbm9JY0pZWjA2V09ucnZ0Y0lhZWw5bGFYVk04WlRWdFVtRFFmQmdrRXg0c1J5bXltOW8yS2VxZzczU1paUmRhODBrUjdNWm4zb29DY2VTNGZaRlJJYU5ibFluWTU3d2d2Y3VDVzhMOUFmTG15ZmJvcXdTWkdtNVJVSTZiOU9xcE1zOW5VeG52aFVMbGJhOVNVX1djNmtacHNYZm1mbXBocFNKY0JRM01EX3lNSHZKcGUzQmM5QlZWUG1xa1VlRjdzaU1STmtqT3k2ZGxhRnVNSW40ZGhVcGV4cGxrWThYR1Q5MEJBc0RfU19VOHpIei0?oc=5,"<a href=""https://news.google.com/rss/articles/CBMi_AFBVV95cUxNTUdVNWVwbm9JY0pZWjA2V09ucnZ0Y0lhZWw5bGFYVk04WlRWdFVtRFFmQmdrRXg0c1J5bXltOW8yS2VxZzczU1paUmRhODBrUjdNWm4zb29DY2VTNGZaRlJJYU5ibFluWTU3d2d2Y3VDVzhMOUFmTG15ZmJvcXdTWkdtNVJVSTZiOU9xcE1zOW5VeG52aFVMbGJhOVNVX1djNmtacHNYZm1mbXBocFNKY0JRM01EX3lNSHZKcGUzQmM5QlZWUG1xa1VlRjdzaU1STmtqT3k2ZGxhRnVNSW40ZGhVcGV4cGxrWThYR1Q5MEJBc0RfU19VOHpIei0?oc=5"" target=""_blank"">« C’est dommage car c’est un lieu magique » : ce bar associatif caché dans une église du Vieux-Nice ne rouvrira pas</a>&nbsp;&nbsp;<font color=""#6f6f6f"">Nice-Matin</font>","""ouverture"" restaurant OR bar OR rooftop Nice",À qualifier,True
ffd4bc2dc6b77ec3af12,2026-09-14T10:54:15Z,2026-04-02,06,Cannes,Cannes,L’Hôtel Barrière Le Majestic Cannes accueille un Beefbar - aucoeurduchr.fr,aucoeurduchr.fr,https://news.google.com/rss/articles/CBMifEFVX3lxTE5kYjJSTmgzdU5SV0tpZTA0Q01EaUliUFcwLTFiUlhPNVpDX2NsVV9ybm1IQVpzZTJJMnNnUjctN1hsYlA2RnBqUXBKZS1NbWp1LXRvdUVMUzlOdEZQclBhaG1zYzdNMUtMRlRjWVJhbzNjNVpvOS16dm0xLTc?oc=5,"<a href=""https://news.google.com/rss/articles/CBMifEFVX3lxTE5kYjJSTmgzdU5SV0tpZTA0Q01EaUliUFcwLTFiUlhPNVpDX2NsVV9ybm1IQVpzZTJJMnNnUjctN1hsYlA2RnBqUXBKZS1NbWp1LXRvdUVMUzlOdEZQclBhaG1zYzdNMUtMRlRjWVJhbzNjNVpvOS16dm0xLTc?oc=5"" target=""_blank"">L’Hôtel Barrière Le Majestic Cannes accueille un Beefbar</a>&nbsp;&nbsp;<font color=""#6f6f6f"">aucoeurduchr.fr</font>","""ouverture"" restaurant OR hôtel OR plage Cannes",À qualifier,True
1132dc2f44ff7039cbb3,2026-09-14T10:54:15Z,2026-05-25,06,Cannes,Cannes,L’hôtel Lepoussin ouvre ses portes à Cannes - businessimmo.com,businessimmo.com,https://news.google.com/rss/articles/CBMiogFBVV95cUxQNjVCR1JrZ1RaTjRJdXVYWWdHWllBeXdTeWw3UmRSa3FHa2NqcjJyRFZHd3p2YlB4RktqeUlGMHY1dDMtamlOSEJqeGdFNnVQenZvZm5ZTlBhTUZJRlJxcWRGUEIyLWhONXpvLTV3WnRnSzNmUnhuSnRpY1dXdHQ4eG5BNEJEQ29icTVUSXZMM1NUN2RNd2dEeTF4QTluU3pTY3c?oc=5,"<a href=""https://news.google.com/rss/articles/CBMiogFBVV95cUxQNjVCR1JrZ1RaTjRJdXVYWWdHWllBeXdTeWw3UmRSa3FHa2NqcjJyRFZHd3p2YlB4RktqeUlGMHY1dDMtamlOSEJqeGdFNnVQenZvZm5ZTlBhTUZJRlJxcWRGUEIyLWhONXpvLTV3WnRnSzNmUnhuSnRpY1dXdHQ4eG5BNEJEQ29icTVUSXZMM1NUN2RNd2dEeTF4QTluU3pTY3c?oc=5"" target=""_blank"">L’hôtel Lepoussin ouvre ses portes à Cannes</a>&nbsp;&nbsp;<font color=""#6f6f6f"">businessimmo.com</font>","""ouverture"" restaurant OR hôtel OR plage Cannes",À qualifier,True
e56b4a0effcec6b030bb,2026-09-14T10:54:15Z,2025-03-25,06,Antibes,Antibes,"Au printemps, L'Impérial Garoupe devient Villa Miraé, Cap d'Antibes et annonce une collaboration exclusive avec le chef Mauro Colagreco - TendanceHotellerie",TendanceHotellerie,https://news.google.com/rss/articles/CBMivwJBVV95cUxQWEEydVJrWF9QSnh0empuMFdLRHlsNGdwMk92MVlzRmNxQnBTVG8wcEw1X2FVMmk0c3Q2RVlKQlN4WDlaem9pQWJWdEY5Q0QySkxHYVdmbFVMTVFaN0laekNxNzR0ZTBNYUk0OU1talFkLWRUeW9WQk1CTnJ5WndkcnplenhERkphSHNKa0lVLXNybXVxRVpMLWN0MzBRU2hfVHdualpjb01MTFRqWVNNV2ZJRkRGSnFTQ3hseXFFeW1PMDhzUmtDRWRCUTBKZ2p5RFBZOHNNNzFEUDY2eDdzOEtOM1JYVUU3YnRHWHp0Q1FUUTctd1Y3amFZVkZvbDhYX3VYUGp3eXFkbHlhYndGcWpUaGY4Q3NHWEV0Vl9EZHFWZEs0ZEhGS2NmSE5fSUprbGlLbGhjdnhJQ1kxZGtN?oc=5,"<a href=""https://news.google.com/rss/articles/CBMivwJBVV95cUxQWEEydVJrWF9QSnh0empuMFdLRHlsNGdwMk92MVlzRmNxQnBTVG8wcEw1X2FVMmk0c3Q2RVlKQlN4WDlaem9pQWJWdEY5Q0QySkxHYVdmbFVMTVFaN0laekNxNzR0ZTBNYUk0OU1talFkLWRUeW9WQk1CTnJ5WndkcnplenhERkphSHNKa0lVLXNybXVxRVpMLWN0MzBRU2hfVHdualpjb01MTFRqWVNNV2ZJRkRGSnFTQ3hseXFFeW1PMDhzUmtDRWRCUTBKZ2p5RFBZOHNNNzFEUDY2eDdzOEtOM1JYVUU3YnRHWHp0Q1FUUTctd1Y3amFZVkZvbDhYX3VYUGp3eXFkbHlhYndGcWpUaGY4Q3NHWEV0Vl9EZHFWZEs0ZEhGS2NmSE5fSUprbGlLbGhjdnhJQ1kxZGtN?oc=5"" target=""_blank"">Au printemps, L'Impérial Garoupe devient Villa Miraé, Cap d'Antibes et annonce une collaboration exclusive avec le chef Mauro Colagreco</a>&nbsp;&nbsp;<font color=""#6f6f6f"">TendanceHotellerie</font>","""ouverture"" restaurant OR hôtel OR bar Antibes",À qualifier,True
26248c4e443e7f952d1d,2026-09-14T10:54:15Z,2025-11-03,06,Menton,Menton,Les nouveaux hôtels de luxe qui vont ouvrir en France en 2026… - La Revue des Hôtels,La Revue des Hôtels,https://news.google.com/rss/articles/CBMi3AFBVV95cUxQQ0V2ZHlVZFp2YTVta09mMmtaME5GbHZydy1mNXBpTkZ0RDBwb01EZWJQMDA3S1ZMbVFobXBLSFUwZFVlb2tHc0F0eW9HZFYwRVpkdHFET3F5MDRNMXdBelU3VWZMS3dFcHhVTmxUcXgzdGNjVWxnQzVaNVNYOXRrdTNiZkpXNW9MeXprNDZYTkJ1R3EwdlhnZXBGSDJDcUpWTG50OUxGQXp3aEZQbENNUFdUeWV1YjBjTFhySHhYSzVZbW1WcmM1dTNOUFIwWF83blJmYmV4MDd1aURZ?oc=5,"<a href=""https://news.google.com/rss/articles/CBMi3AFBVV95cUxQQ0V2ZHlVZFp2YTVta09mMmtaME5GbHZydy1mNXBpTkZ0RDBwb01EZWJQMDA3S1ZMbVFobXBLSFUwZFVlb2tHc0F0eW9HZFYwRVpkdHFET3F5MDRNMXdBelU3VWZMS3dFcHhVTmxUcXgzdGNjVWxnQzVaNVNYOXRrdTNiZkpXNW9MeXprNDZYTkJ1R3EwdlhnZXBGSDJDcUpWTG50OUxGQXp3aEZQbENNUFdUeWV1YjBjTFhySHhYSzVZbW1WcmM1dTNOUFIwWF83blJmYmV4MDd1aURZ?oc=5"" target=""_blank"">Les nouveaux hôtels de luxe qui vont ouvrir en France en 2026…</a>&nbsp;&nbsp;<font color=""#6f6f6f"">La Revue des Hôtels</font>","""ouverture"" restaurant OR hôtel OR bar Menton",À qualifier,True
c86018610feb84017e15,2026-09-14T10:54:15Z,2023-06-01,06,Menton,Menton,Le chef Mauro Colagreco ouvrira un boutique hôtel à proximité du Mirazur à Menton pour permettre à ses... - Food & Sens,Food & Sens,https://news.google.com/rss/articles/CBMimgJBVV95cUxQb29INGVCMkVSMHZBMkw0NlpPT3BIM0xPTnpDS1c3bjBJeWVXS0p2dUU4WVdGYUduUjY3VENpTFpIeHFEUVpuZDVQY0FjejE1MHpnZGktUnVpN2JIN1lndEpRZ3pMQkh5ZlFjNzF6X0szRXRLVVdfMG9zYmxseWxQQTRqdF9ZRXhUbDlPZndJR0U5UFhEaEdqc2g5S0hzSFNFbDUyeUJwM0doMnlGWkcwNmVJWFJvUVdFSWUyX3lKcTYxTnVWUnF6alFTMVJJZ0FtbTlvWnZXSjdCUmV4QzIwNTlhQmRVM2xfTXdHY1FOOHN3bThYbWtIbl91Wm9tbE9XVXVPS2pkZkxBNXZkaFRZNk04YnlvckNQd2fSAZ8CQVVfeXFMTW1oREo2MTRINHRGM0Vvd1dwYUw0RDBPWGdUREFrVlR4ZC1xdW1DbE9BM2F2bzVzd0pubkFfaEk2dm55VGYycVA4V0ZPYTJORW1scDR4T1h1RlhVeWJ6MWVDbFhSWWdDOXViRGg3ckNJSVNxU01hTWRhTjEyT3hSX2xFM0V2ZWM3dEdqd0JtQWhlRGVHVkJEMzVkeE54V214Vm13WWpCc0VNSUtIcWRFVnZ3Y2wxRjFnQ2NZb2RBdHFaYllVNmJ3dkVsQThHc0VzelM2bzg4UENoTVVPSUwxRDEwc3ItUGx2TkdORjdhQzY4eDU0eWFOMTIzSzdra2JFcEVmSVljS3ZHTWM1cXNUdE5CYlYwbzBCRUgzeFFXeU0?oc=5,"<a href=""https://news.google.com/rss/articles/CBMimgJBVV95cUxQb29INGVCMkVSMHZBMkw0NlpPT3BIM0xPTnpDS1c3bjBJeWVXS0p2dUU4WVdGYUduUjY3VENpTFpIeHFEUVpuZDVQY0FjejE1MHpnZGktUnVpN2JIN1lndEpRZ3pMQkh5ZlFjNzF6X0szRXRLVVdfMG9zYmxseWxQQTRqdF9ZRXhUbDlPZndJR0U5UFhEaEdqc2g5S0hzSFNFbDUyeUJwM0doMnlGWkcwNmVJWFJvUVdFSWUyX3lKcTYxTnVWUnF6alFTMVJJZ0FtbTlvWnZXSjdCUmV4QzIwNTlhQmRVM2xfTXdHY1FOOHN3bThYbWtIbl91Wm9tbE9XVXVPS2pkZkxBNXZkaFRZNk04YnlvckNQd2fSAZ8CQVVfeXFMTW1oREo2MTRINHRGM0Vvd1dwYUw0RDBPWGdUREFrVlR4ZC1xdW1DbE9BM2F2bzVzd0pubkFfaEk2dm55VGYycVA4V0ZPYTJORW1scDR4T1h1RlhVeWJ6MWVDbFhSWWdDOXViRGg3ckNJSVNxU01hTWRhTjEyT3hSX2xFM0V2ZWM3dEdqd0JtQWhlRGVHVkJEMzVkeE54V214Vm13WWpCc0VNSUtIcWRFVnZ3Y2wxRjFnQ2NZb2RBdHFaYllVNmJ3dkVsQThHc0VzelM2bzg4UENoTVVPSUwxRDEwc3ItUGx2TkdORjdhQzY4eDU0eWFOMTIzSzdra2JFcEVmSVljS3ZHTWM1cXNUdE5CYlYwbzBCRUgzeFFXeU0?oc=5"" target=""_blank"">Le chef Mauro Colagreco ouvrira un boutique hôtel à proximité du Mirazur à Menton pour permettre à ses...</a>&nbsp;&nbsp;<font color=""#6f6f6f"">Food & Sens</font>","""ouverture"" restaurant OR hôtel OR bar Menton",À qualifier,True
b9dabbb8e25a26c1b05a,2026-09-14T10:54:15Z,2026-03-06,06,Menton,Menton,Élections municipales : infos pratiques - @villedementon - Menton.fr,Menton.fr,https://news.google.com/rss/articles/CBMickFVX3lxTE95cXZYMklpQTYwQnJ3ZDFwc2g0d0lGeVlScXRZWk0xNHBLQnlNYmdQclN0X1pRN3JGbjZtcmIyOXBRLUVkSTc4WVBoMHU0dFVxVHNTRWJPckczN3ptd1RJUzk5bjQ4ZkhQMmV5LXZkVGx6Zw?oc=5,"<a href=""https://news.google.com/rss/articles/CBMickFVX3lxTE95cXZYMklpQTYwQnJ3ZDFwc2g0d0lGeVlScXRZWk0xNHBLQnlNYmdQclN0X1pRN3JGbjZtcmIyOXBRLUVkSTc4WVBoMHU0dFVxVHNTRWJPckczN3ptd1RJUzk5bjQ4ZkhQMmV5LXZkVGx6Zw?oc=5"" target=""_blank"">Élections municipales : infos pratiques - @villedementon</a>&nbsp;&nbsp;<font color=""#6f6f6f"">Menton.fr</font>","""ouverture"" restaurant OR hôtel OR bar Menton",À qualifier,True
4586e0d915d3f728b8b9,2026-09-14T10:54:15Z,2025-02-15,06,Menton,Menton,"""J'y crois plus que jamais"" : le nouvel hôtel de luxe de Menton devrait ouvrir ses portes en 2026 - france3-regions.franceinfo.fr",france3-regions.franceinfo.fr,https://news.google.com/rss/articles/CBMinwJBVV95cUxQektWcEtCR18wc0VjeXpHVkRQUUp0b2hPNzBQQzVVaUJrdWNxM0dxcXdCR0FoeDhQTW14aUN0OUFtNnF4OW9NWkJ2X1F6LWFtZ3V1TjdCRlJSQmx3TnVsWjF5LWE3dmNZNk1UNE56b0lEc3FZREtfT2ttLVVEQUlFd2lmMFdJclpxZWlvZTlnN0dBWGRTTzZXMjktSEphUDRtVURtSmVtZEVYaElCVDFYN3FmNVVqMUJESGhLOUhjRXpEZnhuMEFCdzNPX1hyNnBDemRlUlFEbHFyLWhwU2N3cmlwN085Sjd0TUVfTWxLX1JDU2dKV3cxX1VjaXlPaXU0SnB4QkZsdDBENGZNNFFwNlB5R1kzTzBpa2xwQzJYMA?oc=5,"<a href=""https://news.google.com/rss/articles/CBMinwJBVV95cUxQektWcEtCR18wc0VjeXpHVkRQUUp0b2hPNzBQQzVVaUJrdWNxM0dxcXdCR0FoeDhQTW14aUN0OUFtNnF4OW9NWkJ2X1F6LWFtZ3V1TjdCRlJSQmx3TnVsWjF5LWE3dmNZNk1UNE56b0lEc3FZREtfT2ttLVVEQUlFd2lmMFdJclpxZWlvZTlnN0dBWGRTTzZXMjktSEphUDRtVURtSmVtZEVYaElCVDFYN3FmNVVqMUJESGhLOUhjRXpEZnhuMEFCdzNPX1hyNnBDemRlUlFEbHFyLWhwU2N3cmlwN085Sjd0TUVfTWxLX1JDU2dKV3cxX1VjaXlPaXU0SnB4QkZsdDBENGZNNFFwNlB5R1kzTzBpa2xwQzJYMA?oc=5"" target=""_blank"">""J'y crois plus que jamais"" : le nouvel hôtel de luxe de Menton devrait ouvrir ses portes en 2026</a>&nbsp;&nbsp;<font color=""#6f6f6f"">france3-regions.franceinfo.fr</font>","""ouverture"" restaurant OR hôtel OR bar Menton",À qualifier,True
6f2c27199020ed6c75ca,2026-09-14T10:54:15Z,2026-03-16,83,Var,CHR général,"Guide Michelin 2026 : avec Shanael, Toulon a enfin son restaurant étoilé - Var-information - mesinfos.fr",mesinfos.fr,https://news.google.com/rss/articles/CBMitAFBVV95cUxNSkI0ampfZDZYMXpRM3BBdl9OVk1hMWxJZnBpbDY2SUJwNWJBbFM2Y1gtX1dkajNsQXBkMGdNQTR3ZnBIdDAyVnE4UWdYemJqbDEzZHVZY0FFMUZWNjNQZUs3bzdwbWo2U3VWbUZtbTNuQ0pHTDFMOWtRQm4xRTBEYmxqZk5UdklrYXlaNlhhUUxRMmt5Yy1JekhKQUFRMkRKY2EwLUotVUdQcHFkcmxOU1dnOUc?oc=5,"<a href=""https://news.google.com/rss/articles/CBMitAFBVV95cUxNSkI0ampfZDZYMXpRM3BBdl9OVk1hMWxJZnBpbDY2SUJwNWJBbFM2Y1gtX1dkajNsQXBkMGdNQTR3ZnBIdDAyVnE4UWdYemJqbDEzZHVZY0FFMUZWNjNQZUs3bzdwbWo2U3VWbUZtbTNuQ0pHTDFMOWtRQm4xRTBEYmxqZk5UdklrYXlaNlhhUUxRMmt5Yy1JekhKQUFRMkRKY2EwLUotVUdQcHFkcmxOU1dnOUc?oc=5"" target=""_blank"">Guide Michelin 2026 : avec Shanael, Toulon a enfin son restaurant étoilé - Var-information</a>&nbsp;&nbsp;<font color=""#6f6f6f"">mesinfos.fr</font>","""ouverture"" restaurant OR hôtel OR bar Var",À qualifier,True
7f6a1fb644895ba2d0b5,2026-09-14T10:54:15Z,2026-07-07,83,Var,CHR général,PizzaCosy ouvre dans le Var ce mardi 7 juillet 2026 : voici le lieu et tout ce qu’on sait sur le nouveau restaurant - lexpress-franchise.com,lexpress-franchise.com,https://news.google.com/rss/articles/CBMipgFBVV95cUxPWTZvaUY3ZFZHWFJqdkpPNWhsUmxzRkRFTm1nSXVYZU9vWFZEd1daakYxS2Q0THNqR1dyNGxvMG0wY1I3QzFkamd6NGNzSVRYYXZweS1EdlFIUHVQT2dGbE5PWFgyd2RudGluM0VfZlNWOTd1NWRJM3pQREVzaktUcjBBNTJNRlR4UkRDblE3NTg2ZnQ0VS0yQ3lKTXpDSWxfSm1mYnFB?oc=5,"<a href=""https://news.google.com/rss/articles/CBMipgFBVV95cUxPWTZvaUY3ZFZHWFJqdkpPNWhsUmxzRkRFTm1nSXVYZU9vWFZEd1daakYxS2Q0THNqR1dyNGxvMG0wY1I3QzFkamd6NGNzSVRYYXZweS1EdlFIUHVQT2dGbE5PWFgyd2RudGluM0VfZlNWOTd1NWRJM3pQREVzaktUcjBBNTJNRlR4UkRDblE3NTg2ZnQ0VS0yQ3lKTXpDSWxfSm1mYnFB?oc=5"" target=""_blank"">PizzaCosy ouvre dans le Var ce mardi 7 juillet 2026 : voici le lieu et tout ce qu’on sait sur le nouveau restaurant</a>&nbsp;&nbsp;<font color=""#6f6f6f"">lexpress-franchise.com</font>","""ouverture"" restaurant OR hôtel OR bar Var",À qualifier,True
c5befa07b69ae0fbe79f,2026-09-14T10:54:15Z,2026-02-27,83,Var,CHR général,Base Nature à Fréjus : le futur hôtel se précise - mesinfos.fr,mesinfos.fr,https://news.google.com/rss/articles/CBMilgFBVV95cUxNMmM4VmFva2I4dTlWVFplSkRXaEFTdVBNZ3hqOTBmd2RPeWVxYXpHTnJTcklRVElWdXJOZmhZMVRWOW5ydHVTbTBvOWFVUGFXeG1CQkhXNUs1WmdxQ21iRlItS2RlRmJDb1hGZHFwTHNReTZHNkZYYWs1aEhsd1Q3WWNrN1VaVkNndHBEX3g5NW9QQndoemc?oc=5,"<a href=""https://news.google.com/rss/articles/CBMilgFBVV95cUxNMmM4VmFva2I4dTlWVFplSkRXaEFTdVBNZ3hqOTBmd2RPeWVxYXpHTnJTcklRVElWdXJOZmhZMVRWOW5ydHVTbTBvOWFVUGFXeG1CQkhXNUs1WmdxQ21iRlItS2RlRmJDb1hGZHFwTHNReTZHNkZYYWs1aEhsd1Q3WWNrN1VaVkNndHBEX3g5NW9QQndoemc?oc=5"" target=""_blank"">Base Nature à Fréjus : le futur hôtel se précise</a>&nbsp;&nbsp;<font color=""#6f6f6f"">mesinfos.fr</font>","""ouverture"" restaurant OR hôtel OR bar Var",À qualifier,True
07f02d61365b755493f6,2026-09-14T10:54:15Z,2025-11-13,83,Var,CHR général,Zannier Bendor : les réservations pour séjourner sur l’île sont ouvertes ! - mesinfos.fr,mesinfos.fr,https://news.google.com/rss/articles/CBMitgFBVV95cUxON2ZMUkhXSV9NckplRU13QkxxYkRIbndLcElZSHZURHkxdFY0ZlRObzZfeFdoVDJxUDNsa25KX2d0VFFUSW9sai1jUXVLTmpFNmNTWnZJRkw0NGhPRmJBLUt2enY1Q0hrbndGcjUxNEtZWmszV3FVN09ES01uVlRxSEtmdTRJTVZIT0xCejNJeEhDODd4dVlmSFRuRzNTMEo1MXJKdEdTNXFVRm9mOXNKMXVEek1RUQ?oc=5,"<a href=""https://news.google.com/rss/articles/CBMitgFBVV95cUxON2ZMUkhXSV9NckplRU13QkxxYkRIbndLcElZSHZURHkxdFY0ZlRObzZfeFdoVDJxUDNsa25KX2d0VFFUSW9sai1jUXVLTmpFNmNTWnZJRkw0NGhPRmJBLUt2enY1Q0hrbndGcjUxNEtZWmszV3FVN09ES01uVlRxSEtmdTRJTVZIT0xCejNJeEhDODd4dVlmSFRuRzNTMEo1MXJKdEdTNXFVRm9mOXNKMXVEek1RUQ?oc=5"" target=""_blank"">Zannier Bendor : les réservations pour séjourner sur l’île sont ouvertes !</a>&nbsp;&nbsp;<font color=""#6f6f6f"">mesinfos.fr</font>","""ouverture"" restaurant OR hôtel OR bar Var",À qualifier,True
aa6a1156d59efe017ffc,2026-09-14T10:54:15Z,2026-07-04,83,Toulon,Toulon,Anthony Denon décroche une étoile michelin à Shanael à Toulon - Les Nouvelles Gastronomiques,Les Nouvelles Gastronomiques,https://news.google.com/rss/articles/CBMinwFBVV95cUxQR0hPYWl1aF9PZk9pMWNaS2t3X0lRLXhiNVNLdzdmMDd6Wm1qRmNOaHROaHg3RWNqb1ZPcWZ1VURXZk9sRXl3T2l1Q3VSMm16bFdtRVhPYUU4eTQ0eDNCWFNrbl9yUTFtbXNZdThfcm9wUk56QnFwRUU4X2lrd3l3MHN4TEt1TFgwbS1kSkVxVGlGYzhTc19VYW44eEJ5LXM?oc=5,"<a href=""https://news.google.com/rss/articles/CBMinwFBVV95cUxQR0hPYWl1aF9PZk9pMWNaS2t3X0lRLXhiNVNLdzdmMDd6Wm1qRmNOaHROaHg3RWNqb1ZPcWZ1VURXZk9sRXl3T2l1Q3VSMm16bFdtRVhPYUU4eTQ0eDNCWFNrbl9yUTFtbXNZdThfcm9wUk56QnFwRUU4X2lrd3l3MHN4TEt1TFgwbS1kSkVxVGlGYzhTc19VYW44eEJ5LXM?oc=5"" target=""_blank"">Anthony Denon décroche une étoile michelin à Shanael à Toulon</a>&nbsp;&nbsp;<font color=""#6f6f6f"">Les Nouvelles Gastronomiques</font>","""ouverture"" restaurant OR bar OR hôtel Toulon",À qualifier,True
65cb75575390a8131fe3,2026-09-14T10:54:15Z,2026-05-25,83,Saint-Tropez,Saint-Tropez,Evok Collection révèle l’hôtel Nolinski Golfe de Saint-Tropez pour 2027 - La Revue des Hôtels,La Revue des Hôtels,https://news.google.com/rss/articles/CBMi4wFBVV95cUxPdU9yWmY0N2prSXhfYVExZGpUaGZudDlKbkttVGgybldVSkZpR0s3M3J3UFVCcUgxM0VEeUhDSzJtZFZqNXJTSUhRV2dZbmlpSG5LX21CS3RrWU9VZnZCb3VneHV1Z1B6c2pEUkVva0RfSmlJVEh0N1hOM0RaSHZob3pyOVN6aGx5Zm1YQWZFYjYya0tWaktFNGdRUDdieUl1b2JxdjJmWkZQNlhTUU5yN1pmM2hVWGMwQVh6QWhkYWhBcklObUZuMlNCMTNKRG5NMVQxR3BEWVA3czY2clBiM1JtQQ?oc=5,"<a href=""https://news.google.com/rss/articles/CBMi4wFBVV95cUxPdU9yWmY0N2prSXhfYVExZGpUaGZudDlKbkttVGgybldVSkZpR0s3M3J3UFVCcUgxM0VEeUhDSzJtZFZqNXJTSUhRV2dZbmlpSG5LX21CS3RrWU9VZnZCb3VneHV1Z1B6c2pEUkVva0RfSmlJVEh0N1hOM0RaSHZob3pyOVN6aGx5Zm1YQWZFYjYya0tWaktFNGdRUDdieUl1b2JxdjJmWkZQNlhTUU5yN1pmM2hVWGMwQVh6QWhkYWhBcklObUZuMlNCMTNKRG5NMVQxR3BEWVA3czY2clBiM1JtQQ?oc=5"" target=""_blank"">Evok Collection révèle l’hôtel Nolinski Golfe de Saint-Tropez pour 2027</a>&nbsp;&nbsp;<font color=""#6f6f6f"">La Revue des Hôtels</font>","""ouverture"" restaurant OR plage OR hôtel Saint-Tropez",À qualifier,True
b5a27c15eac3a0ef9f3e,2026-09-14T10:54:15Z,2026-09-09,83,Hyères,Hyères,"À Hyères, une politique de la culture vers toujours plus d’ouverture - www.lamarseillaise.fr",www.lamarseillaise.fr,https://news.google.com/rss/articles/CBMiugFBVV95cUxObUNqb0dyNW1tT0d1Y1E2QkxKWkxaOHVrY3lPQjdWd3BUYXk5clhrUnNEak9venRCQWtUR0JEb0pTaUJoZkFBSThaS01BTHp0enNzMmtOSFhyOW5rZC1GNnJVUTBOTHpBZ1FEOTZJTEhBUF9ZTkRXQmpKRm9YV0Q3cDJ3eG5IN2pTaHZ4VVNKWXQwQ1o3V1FxYk9ibWFSTmw5R2tTdWVJUmdtb2dWa2V5eHl6b21PTW9hZGc?oc=5,"<a href=""https://news.google.com/rss/articles/CBMiugFBVV95cUxObUNqb0dyNW1tT0d1Y1E2QkxKWkxaOHVrY3lPQjdWd3BUYXk5clhrUnNEak9venRCQWtUR0JEb0pTaUJoZkFBSThaS01BTHp0enNzMmtOSFhyOW5rZC1GNnJVUTBOTHpBZ1FEOTZJTEhBUF9ZTkRXQmpKRm9YV0Q3cDJ3eG5IN2pTaHZ4VVNKWXQwQ1o3V1FxYk9ibWFSTmw5R2tTdWVJUmdtb2dWa2V5eHl6b21PTW9hZGc?oc=5"" target=""_blank"">À Hyères, une politique de la culture vers toujours plus d’ouverture</a>&nbsp;&nbsp;<font color=""#6f6f6f"">www.lamarseillaise.fr</font>","""ouverture"" restaurant OR plage OR hôtel Hyères",À qualifier,True
5b44d558e890d8e7e402,2026-09-14T10:54:15Z,2026-04-14,83,Hyères,Hyères,"À Hyères, la route du Sel est en plein travaux... pour une réouverture que tout le monde ne souhaite pas - france3-regions.franceinfo.fr",france3-regions.franceinfo.fr,https://news.google.com/rss/articles/CBMimAJBVV95cUxPMUhJemptUUwzaVR4eU1OUWlzUkFQTmcxa0V3d1VuMVE3aE1hcFhpY0Q1dUVUVlBvLUR2MDQzUmV1SF9LVlk3TnBVWE5pMDltdmpHSXR4TGJhclZFd2dhSWpMaWRrelU3R3RUNi1ZMnJ0WGQ1eEY1eVc3dkdfRXN1ckx6U1N5QzBYeHFlNjVBQjhyc1o4VElfZzJGMnBWSjJFVmVEbUtGWG92cUxBSXpXUng0T0U5aVExZEVjZG9tTmZoMkc4YzJJaG5TZkxNUXJIUHNCNFRtck42UUpkZlVhUXNDQzhkOGx6LUNBYUdWS2ViYXljenI2NXJJQ2FQZHg1TTBoMmdVRXRTd0syY3JVOUEyQVYxc3Fw?oc=5,"<a href=""https://news.google.com/rss/articles/CBMimAJBVV95cUxPMUhJemptUUwzaVR4eU1OUWlzUkFQTmcxa0V3d1VuMVE3aE1hcFhpY0Q1dUVUVlBvLUR2MDQzUmV1SF9LVlk3TnBVWE5pMDltdmpHSXR4TGJhclZFd2dhSWpMaWRrelU3R3RUNi1ZMnJ0WGQ1eEY1eVc3dkdfRXN1ckx6U1N5QzBYeHFlNjVBQjhyc1o4VElfZzJGMnBWSjJFVmVEbUtGWG92cUxBSXpXUng0T0U5aVExZEVjZG9tTmZoMkc4YzJJaG5TZkxNUXJIUHNCNFRtck42UUpkZlVhUXNDQzhkOGx6LUNBYUdWS2ViYXljenI2NXJJQ2FQZHg1TTBoMmdVRXRTd0syY3JVOUEyQVYxc3Fw?oc=5"" target=""_blank"">À Hyères, la route du Sel est en plein travaux... pour une réouverture que tout le monde ne souhaite pas</a>&nbsp;&nbsp;<font color=""#6f6f6f"">france3-regions.franceinfo.fr</font>","""ouverture"" restaurant OR plage OR hôtel Hyères",À qualifier,True
9c6f00cff0a82fc80cf7,2026-09-14T10:54:15Z,2026-04-25,83,Hyères,Hyères,Ouverture de saison à la Capte - 25/04/2026 - Hyères - frequence-sud.fr,frequence-sud.fr,https://news.google.com/rss/articles/CBMihgFBVV95cUxNSFhRcHRfakVsUnZacThkSHp0ZlItd2FmTWR0ZkpsWDlOcks1ZXlGQzJnTUVRMFRscWNxbHBEelpQU0JmSHZaQWItNmtXVUNiMV90TzdhVVQ1bG5YRFlpM1lQZzA1ZTlNd042X2hRR2JJRldzUXlBeXl0Zll0UG9fYWZYWjZFZw?oc=5,"<a href=""https://news.google.com/rss/articles/CBMihgFBVV95cUxNSFhRcHRfakVsUnZacThkSHp0ZlItd2FmTWR0ZkpsWDlOcks1ZXlGQzJnTUVRMFRscWNxbHBEelpQU0JmSHZaQWItNmtXVUNiMV90TzdhVVQ1bG5YRFlpM1lQZzA1ZTlNd042X2hRR2JJRldzUXlBeXl0Zll0UG9fYWZYWjZFZw?oc=5"" target=""_blank"">Ouverture de saison à la Capte - 25/04/2026 - Hyères</a>&nbsp;&nbsp;<font color=""#6f6f6f"">frequence-sud.fr</font>","""ouverture"" restaurant OR plage OR hôtel Hyères",À qualifier,True
a7ae99265f675111aa98,2026-09-14T10:54:15Z,2025-09-03,83,Hyères,Hyères,Hyères : le lycée Golf Hôtel prépare la rentrée dans ses futurs locaux - mesinfos.fr,mesinfos.fr,https://news.google.com/rss/articles/CBMitgFBVV95cUxOZGlnaFRPR0FuMUt5VW9aN0Y0eDU2XzMxZUNlMjg5SkoxZnJQYUNUNEVaTE5IQ3hCdUFtU0xvVElsMnVGc1BwYmxnWnNmb200Z3hvaEN2TzRqS0lCR0ZVMF9QWEVHWGV2NlVhQThGUWNZME9vY1ZUZWUzS3BDek4xWUtaNzVISm1PUVdYZldPWmVoSXRfQU9Qb2JHeW9fcTg4TEhWaVhiZW43QURReE5FQWVBNVZ1Zw?oc=5,"<a href=""https://news.google.com/rss/articles/CBMitgFBVV95cUxOZGlnaFRPR0FuMUt5VW9aN0Y0eDU2XzMxZUNlMjg5SkoxZnJQYUNUNEVaTE5IQ3hCdUFtU0xvVElsMnVGc1BwYmxnWnNmb200Z3hvaEN2TzRqS0lCR0ZVMF9QWEVHWGV2NlVhQThGUWNZME9vY1ZUZWUzS3BDek4xWUtaNzVISm1PUVdYZldPWmVoSXRfQU9Qb2JHeW9fcTg4TEhWaVhiZW43QURReE5FQWVBNVZ1Zw?oc=5"" target=""_blank"">Hyères : le lycée Golf Hôtel prépare la rentrée dans ses futurs locaux</a>&nbsp;&nbsp;<font color=""#6f6f6f"">mesinfos.fr</font>","""ouverture"" restaurant OR plage OR hôtel Hyères",À qualifier,True
748bb93d1ddf0542dc8a,2026-09-14T10:54:15Z,2026-07-14,83,Fréjus Saint-Raphaël,Est Var,La demi-finale sur écran géant aux Arènes de Fréjus - 14/07/2026 - Fréjus - frequence-sud.fr,frequence-sud.fr,https://news.google.com/rss/articles/CBMiogFBVV95cUxOeGplRU5fSXFCTUtjRFoteW93VnlmN21nY2VtaGRoeDVUQmVzeGRicHh1NGlhdnJGd0RxMThkM3pKaFdNcXR6cjJmZGlCV0pvQmRsdTNLbUllckQtZjBfWW5DSnJWZTNzdjFuTG9BQjR4NnNpZHpZaXptQjhiUnhUbTFxR25WSlhRZWdQOV83Q3RSZTBreHdoMXZEQzlEWmNHc0E?oc=5,"<a href=""https://news.google.com/rss/articles/CBMiogFBVV95cUxOeGplRU5fSXFCTUtjRFoteW93VnlmN21nY2VtaGRoeDVUQmVzeGRicHh1NGlhdnJGd0RxMThkM3pKaFdNcXR6cjJmZGlCV0pvQmRsdTNLbUllckQtZjBfWW5DSnJWZTNzdjFuTG9BQjR4NnNpZHpZaXptQjhiUnhUbTFxR25WSlhRZWdQOV83Q3RSZTBreHdoMXZEQzlEWmNHc0E?oc=5"" target=""_blank"">La demi-finale sur écran géant aux Arènes de Fréjus - 14/07/2026 - Fréjus</a>&nbsp;&nbsp;<font color=""#6f6f6f"">frequence-sud.fr</font>","""ouverture"" restaurant OR hôtel Fréjus Saint-Raphaël",À qualifier,True
82a470a3d788a5dd2452,2026-09-14T10:54:15Z,2025-11-28,83,Fréjus Saint-Raphaël,Est Var,"À Fréjus, un hôtel ""haut de gamme"" verra bien le jour près de la base nature - france3-regions.franceinfo.fr",france3-regions.franceinfo.fr,https://news.google.com/rss/articles/CBMiiwJBVV95cUxOWnprVnY3QTY5cnpLQnlWNkpaUzN0RFdmQ2lZSVg1R3c4THc0VTBZOEVUX0FmYVdDTlJsZkpSVHl1Nmh4UGJPRWhKc1BSNll3bndkbjJ5bk5fQnA1Z1BId1RKcUpjbk1pd3dnZWlJX2NaLWpHcGhzRTdPN1pTQTBYNzJTajhWakdkLU5oRzBEb0M4Z3BUY193OTlHNGxiUFV1QWFNN3JfXzUtbkFyLUNPMW9wLXFvNlY4N29YYkRFS0E0QmtfM3dBaUM3YjIxWHdEVHlRQ3ptYjNkX2dkQjViMnhDSXJ3UXJEZzR3Tl81U1g0MTI1M0o4OWN0NWV5SjNzal8wOGRPSW9WZkE?oc=5,"<a href=""https://news.google.com/rss/articles/CBMiiwJBVV95cUxOWnprVnY3QTY5cnpLQnlWNkpaUzN0RFdmQ2lZSVg1R3c4THc0VTBZOEVUX0FmYVdDTlJsZkpSVHl1Nmh4UGJPRWhKc1BSNll3bndkbjJ5bk5fQnA1Z1BId1RKcUpjbk1pd3dnZWlJX2NaLWpHcGhzRTdPN1pTQTBYNzJTajhWakdkLU5oRzBEb0M4Z3BUY193OTlHNGxiUFV1QWFNN3JfXzUtbkFyLUNPMW9wLXFvNlY4N29YYkRFS0E0QmtfM3dBaUM3YjIxWHdEVHlRQ3ptYjNkX2dkQjViMnhDSXJ3UXJEZzR3Tl81U1g0MTI1M0o4OWN0NWV5SjNzal8wOGRPSW9WZkE?oc=5"" target=""_blank"">À Fréjus, un hôtel ""haut de gamme"" verra bien le jour près de la base nature</a>&nbsp;&nbsp;<font color=""#6f6f6f"">france3-regions.franceinfo.fr</font>","""ouverture"" restaurant OR hôtel Fréjus Saint-Raphaël",À qualifier,True
6e9f3181368e495864cb,2026-09-14T10:54:15Z,2024-12-20,83,Fréjus Saint-Raphaël,Est Var,Saint-Raphaël : l'hôtel de la Gare change de main mais pas de vocation - mesinfos.fr,mesinfos.fr,https://news.google.com/rss/articles/CBMizAFBVV95cUxQd1R3cjBZLUUxY1M0Y2liYkVhZF9WbG9JMzZhMk1SaHZaa3ZncWZQMFhkSUZVRmU0c0NBTGJzeDZOU1lXaWQyUl9IVTV3Q2kwMmoyYmRLbVpVT28xdDY3SGVNNGN2al80VU5ObG5ERjhWSVpLRXNkVnBoVkdBMHFKVmx5OTBsd0xna3NCbUVUU2ZVLXJDS0hmVm95M2dFRjlOUkV1Q1Fla09RdlJOaUVJcDA2SnIzaWUxMTVfZjkyeG01cTFIdk4tbnlXaHc?oc=5,"<a href=""https://news.google.com/rss/articles/CBMizAFBVV95cUxQd1R3cjBZLUUxY1M0Y2liYkVhZF9WbG9JMzZhMk1SaHZaa3ZncWZQMFhkSUZVRmU0c0NBTGJzeDZOU1lXaWQyUl9IVTV3Q2kwMmoyYmRLbVpVT28xdDY3SGVNNGN2al80VU5ObG5ERjhWSVpLRXNkVnBoVkdBMHFKVmx5OTBsd0xna3NCbUVUU2ZVLXJDS0hmVm95M2dFRjlOUkV1Q1Fla09RdlJOaUVJcDA2SnIzaWUxMTVfZjkyeG01cTFIdk4tbnlXaHc?oc=5"" target=""_blank"">Saint-Raphaël : l'hôtel de la Gare change de main mais pas de vocation</a>&nbsp;&nbsp;<font color=""#6f6f6f"">mesinfos.fr</font>","""ouverture"" restaurant OR hôtel Fréjus Saint-Raphaël",À qualifier,True
bbce8eb66d02dc394f43,2026-09-14T10:54:15Z,2025-08-31,83,Fréjus Saint-Raphaël,Est Var,Triathlon. Beaugrand remporte l’étape des championnats du monde de Fréjus/Saint-Raphaël - Ouest-France,Ouest-France,https://news.google.com/rss/articles/CBMi-gFBVV95cUxQcjlPUkg3OGtnX2JHQmlYREtOQUFBT0pjeC1zV1hGb1BfTndQN2RjclplVGVqZzFNVE5oYTZvUFk4WHl4dF9GNWRKYlZBX2YzNmFxZjJLN3hsRHlRZFlCVUpyMGpZWUhRcXNpaXRzZHJod05uWFBmaHZ1WGwxVk1NemxfVXRHeVNuNVhVal9PVXVTNlJkajBsRHRveGI3YVFxcWJ1VkMzUzJkT2pad0xaTnVVR0VWYzQxVC02cFp0YXNnRDRRbzFOQVNyVFB3TTdqbUxCZzluUERNUGQ0aE1PZGI0eE5uMTR5dXFxZGRGUl9PeHI3Z0R4bUJR?oc=5,"<a href=""https://news.google.com/rss/articles/CBMi-gFBVV95cUxQcjlPUkg3OGtnX2JHQmlYREtOQUFBT0pjeC1zV1hGb1BfTndQN2RjclplVGVqZzFNVE5oYTZvUFk4WHl4dF9GNWRKYlZBX2YzNmFxZjJLN3hsRHlRZFlCVUpyMGpZWUhRcXNpaXRzZHJod05uWFBmaHZ1WGwxVk1NemxfVXRHeVNuNVhVal9PVXVTNlJkajBsRHRveGI3YVFxcWJ1VkMzUzJkT2pad0xaTnVVR0VWYzQxVC02cFp0YXNnRDRRbzFOQVNyVFB3TTdqbUxCZzluUERNUGQ0aE1PZGI0eE5uMTR5dXFxZGRGUl9PeHI3Z0R4bUJR?oc=5"" target=""_blank"">Triathlon. Beaugrand remporte l’étape des championnats du monde de Fréjus/Saint-Raphaël</a>&nbsp;&nbsp;<font color=""#6f6f6f"">Ouest-France</font>","""ouverture"" restaurant OR hôtel Fréjus Saint-Raphaël",À qualifier,True
a1e7150aa6eded66e662,2026-09-14T10:54:15Z,2024-09-23,83,Fréjus Saint-Raphaël,Est Var,Saint-Raphaël : l'hôtel Les Roches Rouges s'agrandit - mesinfos.fr,mesinfos.fr,https://news.google.com/rss/articles/CBMipAFBVV95cUxPMHVLSHg0cy1tUDl4b3dkc3cxYzhyV0ZtUDVteVktamcwM1otVUEwOGw1UUxGYWVfTG9VbTZleWxqZUJzMmJ1VVpCYTdONFMxTTVaejdwQkhuakVSMGtEZzB5bTlYZkdfVWs3Tlh4UUNZMGpLSk5iNFkxQm95Zk1BTWszQlEyVXBMQVhldjNxVU9haTFmYnQ1bkVRdnRZZ0JTZ2VoQw?oc=5,"<a href=""https://news.google.com/rss/articles/CBMipAFBVV95cUxPMHVLSHg0cy1tUDl4b3dkc3cxYzhyV0ZtUDVteVktamcwM1otVUEwOGw1UUxGYWVfTG9VbTZleWxqZUJzMmJ1VVpCYTdONFMxTTVaejdwQkhuakVSMGtEZzB5bTlYZkdfVWs3Tlh4UUNZMGpLSk5iNFkxQm95Zk1BTWszQlEyVXBMQVhldjNxVU9haTFmYnQ1bkVRdnRZZ0JTZ2VoQw?oc=5"" target=""_blank"">Saint-Raphaël : l'hôtel Les Roches Rouges s'agrandit</a>&nbsp;&nbsp;<font color=""#6f6f6f"">mesinfos.fr</font>","""ouverture"" restaurant OR hôtel Fréjus Saint-Raphaël",À qualifier,True
01f74eccd08d151491ca,2026-09-14T10:54:15Z,2026-07-21,83,Fréjus Saint-Raphaël,Est Var,"Saint-Raphaël fait sécession durant deux jours pour se mettre à l'heure belge : concerts, parades et feu d'artifice - frequence-sud.fr",frequence-sud.fr,https://news.google.com/rss/articles/CBMi_wFBVV95cUxPTXZaZVYzOWtvWDFJWlFIbjk1SjBfY2FWaERyclZyQWhjVWFzUTlHYjE4UEtKVlFib0VhOFo4a3ZOaGIwWW1tVnpiQWxOQUZqcVlPdzlOM3dVbzZ1RFZHOGxNWVgtZzg1UWlLNWNVSVVLb0Z1UmJYUXdOR0FYOVBoNWtOOVc3cW13cFU1b20walNxTzY2MzVGdmFqYXNKMGszTG9KY205eE0yMEhVLWxXTERUc3ljak1LWE03UUpKLUttYW1qMzRJU0xwX1hvYlp4c2FSVE42a0duUENTUUd1OXJhWWFpRkQ4dFI0eGpHaXlBN1N1T3JqWE1xRDA0X1U?oc=5,"<a href=""https://news.google.com/rss/articles/CBMi_wFBVV95cUxPTXZaZVYzOWtvWDFJWlFIbjk1SjBfY2FWaERyclZyQWhjVWFzUTlHYjE4UEtKVlFib0VhOFo4a3ZOaGIwWW1tVnpiQWxOQUZqcVlPdzlOM3dVbzZ1RFZHOGxNWVgtZzg1UWlLNWNVSVVLb0Z1UmJYUXdOR0FYOVBoNWtOOVc3cW13cFU1b20walNxTzY2MzVGdmFqYXNKMGszTG9KY205eE0yMEhVLWxXTERUc3ljak1LWE03UUpKLUttYW1qMzRJU0xwX1hvYlp4c2FSVE42a0duUENTUUd1OXJhWWFpRkQ4dFI0eGpHaXlBN1N1T3JqWE1xRDA0X1U?oc=5"" target=""_blank"">Saint-Raphaël fait sécession durant deux jours pour se mettre à l'heure belge : concerts, parades et feu d'artifice</a>&nbsp;&nbsp;<font color=""#6f6f6f"">frequence-sud.fr</font>","""ouverture"" restaurant OR hôtel Fréjus Saint-Raphaël",À qualifier,True
d306a13f599332156084,2026-09-14T10:54:15Z,2026-09-09,MC,Monaco,Monaco,"Journées du Patrimoine 2026 à Paris : l'Hôtel de Monaco, résidence de l'ambassadeur de Pologne - Sortir à Paris",Sortir à Paris,https://news.google.com/rss/articles/CBMi_wFBVV95cUxPM1lDUW1VUi10UGNaTjdKOXdhcFRWQ0FlWFZIbXVjaXZVWmdqZFpoQlc1b0IxNV9seHY3eUhObFhjcjI1YjZvWjdpNTM0b2xISzB4ZWdJdjdEbDJjM2UxN0VXUGx4dFFCVXZvbEhwMXY4OWJRc0ZfYXI5Z2FiWFlibUZvNFNvYVhBdHF0NGd2SHRnbVFkQ01BWlVQaXF0anhMM29rV2Rvb0tKNjRiRXpCU3VRa1RfREZ1bW9QNWMxbHU2RGFQTkdYT1Q1Q19mcTFWUTg0al94WVdJN1Y5RGExNFY1RnoxeHFXRW83V3JFMnJfMzNUcGJWVmoxQWFmQ1k?oc=5,"<a href=""https://news.google.com/rss/articles/CBMi_wFBVV95cUxPM1lDUW1VUi10UGNaTjdKOXdhcFRWQ0FlWFZIbXVjaXZVWmdqZFpoQlc1b0IxNV9seHY3eUhObFhjcjI1YjZvWjdpNTM0b2xISzB4ZWdJdjdEbDJjM2UxN0VXUGx4dFFCVXZvbEhwMXY4OWJRc0ZfYXI5Z2FiWFlibUZvNFNvYVhBdHF0NGd2SHRnbVFkQ01BWlVQaXF0anhMM29rV2Rvb0tKNjRiRXpCU3VRa1RfREZ1bW9QNWMxbHU2RGFQTkdYT1Q1Q19mcTFWUTg0al94WVdJN1Y5RGExNFY1RnoxeHFXRW83V3JFMnJfMzNUcGJWVmoxQWFmQ1k?oc=5"" target=""_blank"">Journées du Patrimoine 2026 à Paris : l'Hôtel de Monaco, résidence de l'ambassadeur de Pologne</a>&nbsp;&nbsp;<font color=""#6f6f6f"">Sortir à Paris</font>","""ouverture"" restaurant OR hôtel OR bar Monaco",À qualifier,True
10426d925b08f079fef6,2026-09-14T10:54:15Z,2026-07-13,MC,Monaco,Monaco,Joe & The Juice ouvre son premier juice bar dans la principauté de Monaco : voici où - lexpress-franchise.com,lexpress-franchise.com,https://news.google.com/rss/articles/CBMimAFBVV95cUxOYU5ocHZMcm1HU295TnhmSU5iMk14Y2V3dm5YcmVsNE9MaUhSazNyZWpsT3AxemFYeVQ2OWp4amRLTUpydGlSX1RmSm40TVFHTkl2dzJCY21NbU92S01zZjFfX3pEUldOMmt2VEg4Umk0NVh3dzJmRGFFcHhzYkV4cVZwNEVwdUdpaVNHREtjRHU4NXJLUXRGYw?oc=5,"<a href=""https://news.google.com/rss/articles/CBMimAFBVV95cUxOYU5ocHZMcm1HU295TnhmSU5iMk14Y2V3dm5YcmVsNE9MaUhSazNyZWpsT3AxemFYeVQ2OWp4amRLTUpydGlSX1RmSm40TVFHTkl2dzJCY21NbU92S01zZjFfX3pEUldOMmt2VEg4Umk0NVh3dzJmRGFFcHhzYkV4cVZwNEVwdUdpaVNHREtjRHU4NXJLUXRGYw?oc=5"" target=""_blank"">Joe & The Juice ouvre son premier juice bar dans la principauté de Monaco : voici où</a>&nbsp;&nbsp;<font color=""#6f6f6f"">lexpress-franchise.com</font>","""ouverture"" restaurant OR hôtel OR bar Monaco",À qualifier,True
544b7479cface9b3651c,2026-09-14T10:54:15Z,2025-01-07,MC,Monaco,Monaco,"« The Prince of Venice », le deuxième restaurant d’Emmanuel-Philibert de Savoie ouvrira à Monaco - monaco-tribune.com",monaco-tribune.com,https://news.google.com/rss/articles/CBMiygFBVV95cUxPTk5fY0NFeFMtQUJWZENySHJmOVpkUlJGSnJsc1NSUXBWLUlJRnhEeE02VVNRUVU2TWdTU0pfR05lczFuZ1dpVGs4c2J2a3lRQk9xNGI3akFHOThqa3ZGcGItakVXWHNfTGJKVlFkTlJNSUg2ZjdJUTdEY19wZGg3LVF0eDRkQmljenE5STVTTUo1SHE0dTM4aGpDbWtJdFFNb3FKUHU1YVBlUUFoNWJuVUQwaGp1WVc4cHBDSWpwYmNGRUdCcWl1U21R?oc=5,"<a href=""https://news.google.com/rss/articles/CBMiygFBVV95cUxPTk5fY0NFeFMtQUJWZENySHJmOVpkUlJGSnJsc1NSUXBWLUlJRnhEeE02VVNRUVU2TWdTU0pfR05lczFuZ1dpVGs4c2J2a3lRQk9xNGI3akFHOThqa3ZGcGItakVXWHNfTGJKVlFkTlJNSUg2ZjdJUTdEY19wZGg3LVF0eDRkQmljenE5STVTTUo1SHE0dTM4aGpDbWtJdFFNb3FKUHU1YVBlUUFoNWJuVUQwaGp1WVc4cHBDSWpwYmNGRUdCcWl1U21R?oc=5"" target=""_blank"">« The Prince of Venice », le deuxième restaurant d’Emmanuel-Philibert de Savoie ouvrira à Monaco</a>&nbsp;&nbsp;<font color=""#6f6f6f"">monaco-tribune.com</font>","""ouverture"" restaurant OR hôtel OR bar Monaco",À qualifier,True
22d2b9fee10650fc296b,2026-09-14T10:54:15Z,2026-05-05,06-83-MC,Région,Urbanisme,La Ciotat : le futur hôtel Eden Cap est enfin en voie de réalisation - mesinfos.fr,mesinfos.fr,https://news.google.com/rss/articles/CBMitAFBVV95cUxOdkJ0OTZBUjBNZnpxc3VEOXlnN0dKOXhoQzU1S0tJdUg1SWZhRE9TQXlhYTRPaEVJckRENm9TQV9EWjRVVC11RktxdkVVRGJmRzJKaW1tY3Y0MTg5YWc4MmxvZmZXenJaVFV0YkFlUmZOa1V1OS1SU2stWTlhVVcxSDlNeGhRZHhKTXZ4TlVEU0hjR0F0UUxrNlB0TGtDZzVXSmQ5Umg4YTduSng5SW9uS2hKRUk?oc=5,"<a href=""https://news.google.com/rss/articles/CBMitAFBVV95cUxOdkJ0OTZBUjBNZnpxc3VEOXlnN0dKOXhoQzU1S0tJdUg1SWZhRE9TQXlhYTRPaEVJckRENm9TQV9EWjRVVC11RktxdkVVRGJmRzJKaW1tY3Y0MTg5YWc4MmxvZmZXenJaVFV0YkFlUmZOa1V1OS1SU2stWTlhVVcxSDlNeGhRZHhKTXZ4TlVEU0hjR0F0UUxrNlB0TGtDZzVXSmQ5Umg4YTduSng5SW9uS2hKRUk?oc=5"" target=""_blank"">La Ciotat : le futur hôtel Eden Cap est enfin en voie de réalisation</a>&nbsp;&nbsp;<font color=""#6f6f6f"">mesinfos.fr</font>","""permis de construire"" hôtel OR restaurant Côte d’Azur",À qualifier,True
71707893389d7e104ddb,2026-09-14T10:54:15Z,2025-10-15,06-83-MC,Région,Urbanisme,Nice : derniers rebondissements pour la Visitation - Tribuca,Tribuca,https://news.google.com/rss/articles/CBMikwFBVV95cUxQc2dWd3ZqclRCSTJRcFl2RGRSZWszallLakV0WjJSSHh0WVBEVlA2WlB1Z0wyWUVoeG5WMnFtamxpdE5JemIxVm11ek5Zb2hUNzdQSXNneG1zYWJFblhFXzdDZENlQWRCYlA4RmhkSktmbEllYlltTUNSX0drX0xOanZyYjUzZlMwcUl1NEU3ZHFoU2M?oc=5,"<a href=""https://news.google.com/rss/articles/CBMikwFBVV95cUxQc2dWd3ZqclRCSTJRcFl2RGRSZWszallLakV0WjJSSHh0WVBEVlA2WlB1Z0wyWUVoeG5WMnFtamxpdE5JemIxVm11ek5Zb2hUNzdQSXNneG1zYWJFblhFXzdDZENlQWRCYlA4RmhkSktmbEllYlltTUNSX0drX0xOanZyYjUzZlMwcUl1NEU3ZHFoU2M?oc=5"" target=""_blank"">Nice : derniers rebondissements pour la Visitation</a>&nbsp;&nbsp;<font color=""#6f6f6f"">Tribuca</font>","""permis de construire"" hôtel OR restaurant Côte d’Azur",À qualifier,True
8f396262d96d92721d83,2026-09-14T10:54:15Z,2025-02-21,06-83-MC,Région,Urbanisme,NICE : Un nouvel hôtel 4**** étoiles sur l’ancienne cité de la Buffa - Presse Agence,Presse Agence,https://news.google.com/rss/articles/CBMijwFBVV95cUxPN3F2cXpuNG5vcHpwRHZpNlJOeGVuYk5IemdJdVFSVnk0RWJjMTVRb2xETXljTThpOUZ4cUI3NVVXZWpCSmNpRlQzal83aDUteGRNNVVHc3paUW1wWGVsc29QbTZsM1o2RnpJR3otYjFjd3J5aWFNMUJsakJqZ0wxSEN3V1FCZ0llSHU2UWdjOA?oc=5,"<a href=""https://news.google.com/rss/articles/CBMijwFBVV95cUxPN3F2cXpuNG5vcHpwRHZpNlJOeGVuYk5IemdJdVFSVnk0RWJjMTVRb2xETXljTThpOUZ4cUI3NVVXZWpCSmNpRlQzal83aDUteGRNNVVHc3paUW1wWGVsc29QbTZsM1o2RnpJR3otYjFjd3J5aWFNMUJsakJqZ0wxSEN3V1FCZ0llSHU2UWdjOA?oc=5"" target=""_blank"">NICE : Un nouvel hôtel 4**** étoiles sur l’ancienne cité de la Buffa</a>&nbsp;&nbsp;<font color=""#6f6f6f"">Presse Agence</font>","""permis de construire"" hôtel OR restaurant Côte d’Azur",À qualifier,True
2e8184ff4c3ef3084886,2026-09-14T10:54:15Z,2022-06-13,06-83-MC,Région,Recrutement,"À Cannes, l'hôtel Martinez ""loge des stars et recrute des personnalités"" pour travailler sur sa plage - ici.fr",ici.fr,https://news.google.com/rss/articles/CBMi5AFBVV95cUxOWDE3THc4M2wtMzVqdnVnRVUtUnVmSXpGOXlHT2Fkb2pnR3JIX3JrU1JKdzNoQ1g4S2JRdmtyblRkbVFOMy1Lci1CSXJJTDNqRVBsWkdlLW1zeFV4eW9Nc1JSM09wQV8zRFY1UzlIeDRZSG9CMTRsU3BWWWpGOHRZSWxfNzc3dzU4SHVoazh4MVBOcm1DekJJX01mV1lHeTlFZlFVLUFRTkk3SkhlMWo1Wm8yUnVsMF9sMThvZkc4bmpQTkxhV0J5eUI3dlEyUzQxRFg4cjM2NHhxNHBydG9iV21CWUw?oc=5,"<a href=""https://news.google.com/rss/articles/CBMi5AFBVV95cUxOWDE3THc4M2wtMzVqdnVnRVUtUnVmSXpGOXlHT2Fkb2pnR3JIX3JrU1JKdzNoQ1g4S2JRdmtyblRkbVFOMy1Lci1CSXJJTDNqRVBsWkdlLW1zeFV4eW9Nc1JSM09wQV8zRFY1UzlIeDRZSG9CMTRsU3BWWWpGOHRZSWxfNzc3dzU4SHVoazh4MVBOcm1DekJJX01mV1lHeTlFZlFVLUFRTkk3SkhlMWo1Wm8yUnVsMF9sMThvZkc4bmpQTkxhV0J5eUI3dlEyUzQxRFg4cjM2NHhxNHBydG9iV21CWUw?oc=5"" target=""_blank"">À Cannes, l'hôtel Martinez ""loge des stars et recrute des personnalités"" pour travailler sur sa plage</a>&nbsp;&nbsp;<font color=""#6f6f6f"">ici.fr</font>","recrute ""responsable de bar"" OR ""chef de rang"" ouverture Côte d’Azur",À qualifier,True
